event_id,split_id,event_date,section_index,village_location,district,governorate,latitude,longitude,geocode_confidence,location_extraction_confidence,locations_in_same_section,split_location_count_in_section,casualty_allocation,count_for_casualty_totals,event_total_killed_from_focus_text,event_total_injured_from_focus_text,event_total_children_from_focus_text,location_killed,location_injured,location_children,injury_text_note,attack_type,source_count,post_count,confidence_level,warning_flags,event_summary_focus,event_summary_original,reference_links
LEB_MAY2026_0001,LEB_MAY2026_0001_S01_L01,2026-05-01,1,Nabatieh Fawqa,Nabatieh,Nabatieh,33.3855,35.4808,Medium,Medium,Nabatieh Fawqa,1,location_specific,Yes,2.0,10.0,,2.0,10.0,,,Airstrike,1,1,Low - single source,Single-source event; verify before publication,🚨 ورد الآن / وزارة الصحة: شهيدان و10 جرحى حصيلة الغارة الاسرائيلية على النبطية الفوقا,🚨 ورد الآن / وزارة الصحة: شهيدان و10 جرحى حصيلة الغارة الاسرائيلية على النبطية الفوقا,https://t.me/lebanonNewsNow/254836
LEB_MAY2026_0002,LEB_MAY2026_0002_S01_L01,2026-05-02,1,Ain Baal,Tyre,South,33.2667,35.3412,High,High,Ain Baal,1,location_specific,Yes,1.0,7.0,,1.0,7.0,,,Airstrike,1,1,Low - single source,Single-source event; verify before publication,🚨 ورد الآن / وزارة الصحة: الغارة الإسرائيلية على بلدة عين بعال قضاء صور أدت إلى سقوط شهيدة و7 جرحى,🚨 ورد الآن / وزارة الصحة: الغارة الإسرائيلية على بلدة عين بعال قضاء صور أدت إلى سقوط شهيدة و7 جرحى,https://t.me/lebanonNewsNow/254949
LEB_MAY2026_0003,LEB_MAY2026_0003_S01_L01,2026-05-02,1,Shoukin,Nabatieh,Nabatieh,33.3757,35.5051,Medium,High,Shoukin,1,location_specific,Yes,2.0,,,2.0,,,Unknown number mentioned,Airstrike,2,2,Medium,Casualty figure updated over time,🔴⬅️آثار قصف طيران الاحتلال العنيف على بلدة شوكين قضاء النبطية جنوب لبنان، والتي أسفرت عن استشهاد اثنين من السوريين وإصابة عدد آخر بينهم رئيس البلدية.,🔴⬅️آثار قصف طيران الاحتلال العنيف على بلدة شوكين قضاء النبطية جنوب لبنان، والتي أسفرت عن استشهاد اثنين من السوريين وإصابة عدد آخر بينهم رئيس البلدية.,https://t.me/N_FFG/81057 | https://t.me/janoub_lebnan23/41690
LEB_MAY2026_0004,LEB_MAY2026_0004_S01_L01,2026-05-02,1,Mansouri,Tyre,South,33.178,35.235,Medium,High,Mansouri; Majdal Selm,2,shared_event_total_not_allocated_to_split_locations,No - use event totals once by event_id,,,,,,,,Airstrike,1,1,Low - single source,Single-source event; verify before publication,*غارة اسرائيلية استهدفت بلدة المنصوري في جنوب لبنان، والاحتلال منع فرق الصليب الأحمر من انتشال الشهداء وسحب الجرحى في بلدة مجدل سلم.*,*غارة اسرائيلية استهدفت بلدة المنصوري في جنوب لبنان، والاحتلال منع فرق الصليب الأحمر من انتشال الشهداء وسحب الجرحى في بلدة مجدل سلم.*,https://t.me/lcncitizens2023/43429
LEB_MAY2026_0004,LEB_MAY2026_0004_S01_L02,2026-05-02,1,Majdal Selm,Marjayoun,Nabatieh,33.184,35.447,Medium,High,Mansouri; Majdal Selm,2,shared_event_total_not_allocated_to_split_locations,No - use event totals once by event_id,,,,,,,,Airstrike,1,1,Low - single source,Single-source event; verify before publication,*غارة اسرائيلية استهدفت بلدة المنصوري في جنوب لبنان، والاحتلال منع فرق الصليب الأحمر من انتشال الشهداء وسحب الجرحى في بلدة مجدل سلم.*,*غارة اسرائيلية استهدفت بلدة المنصوري في جنوب لبنان، والاحتلال منع فرق الصليب الأحمر من انتشال الشهداء وسحب الجرحى في بلدة مجدل سلم.*,https://t.me/lcncitizens2023/43429
LEB_MAY2026_0005,LEB_MAY2026_0005_S01_L01,2026-05-03,1,Arab Salim,Nabatieh,Nabatieh,33.4238,35.4885,High,Medium,Arab Salim; Jarjouaa,2,shared_event_total_not_allocated_to_split_locations,No - use event totals once by event_id,,,,,,,,Airstrike,1,1,Low - single source,Single-source event; verify before publication,🚨 ورد الآن / الطيران الحربي الإسرائيلي نفّذ فجرًا غارة استهدفت استراحة قرب حديقة الشهداء بين جرجوع وعربصاليم ما أدى إلى تدميرها,🚨 ورد الآن / الطيران الحربي الإسرائيلي نفّذ فجرًا غارة استهدفت استراحة قرب حديقة الشهداء بين جرجوع وعربصاليم ما أدى إلى تدميرها,https://t.me/lebanonNewsNow/255091
LEB_MAY2026_0005,LEB_MAY2026_0005_S01_L02,2026-05-03,1,Jarjouaa,Nabatieh,Nabatieh,33.4415,35.5365,Medium,Medium,Arab Salim; Jarjouaa,2,shared_event_total_not_allocated_to_split_locations,No - use event totals once by event_id,,,,,,,,Airstrike,1,1,Low - single source,Single-source event; verify before publication,🚨 ورد الآن / الطيران الحربي الإسرائيلي نفّذ فجرًا غارة استهدفت استراحة قرب حديقة الشهداء بين جرجوع وعربصاليم ما أدى إلى تدميرها,🚨 ورد الآن / الطيران الحربي الإسرائيلي نفّذ فجرًا غارة استهدفت استراحة قرب حديقة الشهداء بين جرجوع وعربصاليم ما أدى إلى تدميرها,https://t.me/lebanonNewsNow/255091
LEB_MAY2026_0007,LEB_MAY2026_0007_S01_L01,2026-05-04,1,Kafra,Bint Jbeil,Nabatieh,33.164,35.386,Medium,High,Kafra,1,location_specific,Yes,,2.0,,,2.0,,,Targeted attack,3,3,Medium,,🚨 ورد الآن / الجيش: إصابة ضابط وعسكري بجروح طفيفة جراء استهداف إسرائيلي في بلدة كفرا,🚨 ورد الآن / الجيش: إصابة ضابط وعسكري بجروح طفيفة جراء استهداف إسرائيلي في بلدة كفرا - بنت جبيل أثناء تنقلهما بآلية عسكرية بين مراكز الجيش,https://t.me/MTVLebanoNews/67998 | https://t.me/lebanonNewsNow/255403 | https://t.me/mtvlebanonnews/317595
LEB_MAY2026_0006,LEB_MAY2026_0006_S01_L01,2026-05-04,1,Zawtar,Nabatieh,Nabatieh,33.361,35.506,Medium,Medium,Zawtar,1,location_specific,Yes,,,,,,,,Airstrike,1,1,Low - single source,Single-source event; verify before publication,❗️Two soldiers from an elite Golani brigade were injured near Zawtar during a raid in the area Israeli forces withdrew the wounded and then bombed the area Israeli forces might repush to capture this area. Zawtar is one of the most important checkpoints and the road to Nabatieh,❗️Two soldiers from an elite Golani brigade were injured near Zawtar during a raid in the area Israeli forces withdrew the wounded and then bombed the area Israeli forces might repush to capture this area. Zawtar is one of the most important checkpoints and the road to Nabatieh,https://t.me/LebUpdate/60593
LEB_MAY2026_0008,LEB_MAY2026_0008_S01_L01,2026-05-06,1,Zellaya,West Bekaa,Bekaa,33.575,35.733,Low - verify spelling,Medium,Zellaya,1,location_specific,Yes,,,,,,,,Airstrike,1,3,Low - single source,Single-source event; verify before publication,🚨 ورد الآن / ارتفاع عدد الشهداء جراء الغارة الاسرائيلية التي استهدفت زلايا في البقاع الغربي إلى 4,🚨 ورد الآن / ارتفاع عدد الشهداء جراء الغارة الاسرائيلية التي استهدفت زلايا في البقاع الغربي إلى 4,https://t.me/lebanonNewsNow/255687 | https://t.me/lebanonNewsNow/255709 | https://t.me/lebanonNewsNow/255710
LEB_MAY2026_0009,LEB_MAY2026_0009_S01_L01,2026-05-06,1,Khirbet Selm,Bint Jbeil,Nabatieh,33.1719,35.4024,Medium,Medium,Khirbet Selm,1,location_specific,Yes,2.0,,,2.0,,,,Airstrike,1,1,Low - single source,Single-source event; verify before publication,الوكالة الوطنية: شهيدان وجريح إثر غارة استهدفت منزلاً في خربة سلم,- *الوكالة الوطنية: شهيدان وجريح إثر غارة استهدفت منزلاً في خربة سلم - قضاء بنت جبيل* - *وسائل إعلام إسرائيلية: المجلس الوزاري المصغر للشؤون الأمنية والسياسية ينعقد اليوم* - *غارة إسرائيلية على بلدة زوطر الشرقية وغارة استهدفت بلدة كونين*,https://t.me/lcncitizens2023/43683
LEB_MAY2026_0011,LEB_MAY2026_0011_S01_L01,2026-05-06,1,Houla,Marjayoun,Nabatieh,33.1853,35.5138,High,High,Houla,1,location_specific,Yes,,,,,,,,Targeted attack,1,1,Low - single source,Single-source event; verify before publication,🚨الحز. ب يعلن استهداف جرّافة D9 تابعة للجيش الإسرائيلي في بلدة حولا بمحلّقة انقضاضيّة وتحقيق إصابة مباشرة https://telegram.me/lebanonnews2,🚨الحز. ب يعلن استهداف جرّافة D9 تابعة للجيش الإسرائيلي في بلدة حولا بمحلّقة انقضاضيّة وتحقيق إصابة مباشرة https://telegram.me/lebanonnews2,https://t.me/lebanonnews2/100418
LEB_MAY2026_0010,LEB_MAY2026_0010_S01_L01,2026-05-06,1,Saksakiyeh,Saida,South,33.4318,35.3318,High,High,Saksakiyeh,1,location_specific,Yes,4.0,33.0,6.0,4.0,33.0,6.0,,Airstrike,3,4,High,Conflicting casualty figures | Casualty figure updated over time,🚨وزارة الصحة: الغارة الإسرائيلية على بلدة السكسكية – قضاء صيدا أدّت إلى 4 شهداء و33 جريحًا، من بينهم 6 أطفال و4 سيدات https://telegram.me/lebanonnews2,🚨وزارة الصحة: الغارة الإسرائيلية على بلدة السكسكية – قضاء صيدا أدّت إلى 4 شهداء و33 جريحًا، من بينهم 6 أطفال و4 سيدات https://telegram.me/lebanonnews2,https://t.me/lcncitizens2023/43716 | https://t.me/lebanonNews961/126954 | https://t.me/lebanonnews2/100416 | https://t.me/lebanonnews2/100434
LEB_MAY2026_0013,LEB_MAY2026_0013_S01_L01,2026-05-07,1,Haboush,Nabatieh,Nabatieh,33.4056,35.4775,High,High,Haboush,1,location_specific,Yes,5.0,2.0,,5.0,2.0,,,Airstrike,2,2,Medium,,🚨عاجل | وزارة الصحة اللبنانية: 5 شهداء ومصابان في غارة إسرائيلية على بلدة حبوش للانضمام معنا تلغرام https://t.me/janoub_lebnan23,🚨عاجل | وزارة الصحة اللبنانية: 5 شهداء ومصابان في غارة إسرائيلية على بلدة حبوش للانضمام معنا تلغرام https://t.me/janoub_lebnan23,https://t.me/janoub_lebnan23/42149 | https://t.me/lcncitizens2023/43789
LEB_MAY2026_0012,LEB_MAY2026_0012_S01_L01,2026-05-07,1,Miefdoun,Nabatieh,Nabatieh,33.3655,35.4769,High,High,Miefdoun,1,location_specific,Yes,1.0,4.0,,1.0,4.0,,,Airstrike,2,3,Medium,Casualty figure updated over time,وزارة الصحة: غارة العدو الإسرائيلي على بلدة ميفدون قضاء النبطية أدت إلى استشهاد شخص وإصابة 4 آخرين من بينهم سيدة للانضمام معنا تلغرام https://t.me/janoub_lebnan23,وزارة الصحة: غارة العدو الإسرائيلي على بلدة ميفدون قضاء النبطية أدت إلى استشهاد شخص وإصابة 4 آخرين من بينهم سيدة للانضمام معنا تلغرام https://t.me/janoub_lebnan23,https://t.me/janoub_lebnan23/42255 | https://t.me/lebanonNewsNow/255897 | https://t.me/lebanonNewsNow/255929
LEB_MAY2026_0015,LEB_MAY2026_0015_S01_L01,2026-05-08,1,Toura,Tyre,South,33.286,35.301,Medium,High,Toura,1,location_specific,Yes,2.0,5.0,,2.0,5.0,,,Airstrike,1,1,Low - single source,Single-source event; verify before publication,شهيدان و5 جرحى في عدوان طيران الاحتلال على بلدة طورا جنوب البلاد,- *شهيدان و5 جرحى في عدوان طيران الاحتلال على بلدة طورا جنوب البلاد* - *فرق الصليب الأحمر تعثر على الشابين المفقودين في بلدة بلاط قضاء مرجعيون شهيدَين* - *غارة إسرائيلية على بلدة معركة جنوبي ‎لبنان*,https://t.me/lcncitizens2023/43811
LEB_MAY2026_0014,LEB_MAY2026_0014_S01_L01,2026-05-08,1,Naqoura,Tyre,South,33.118,35.139,High,Medium,Naqoura,1,location_specific,Yes,,2.0,,,2.0,,,Drone strike,1,1,Low - single source,Single-source event; verify before publication,🚨 ورد الآن / الإذاعة الإسرائيلية: إصابة شخصين إثر سقوط مسيرة متفجرة في رأس الناقورة والعثور على مسيرة مفخخة في نهاريا,🚨 ورد الآن / الإذاعة الإسرائيلية: إصابة شخصين إثر سقوط مسيرة متفجرة في رأس الناقورة والعثور على مسيرة مفخخة في نهاريا,https://t.me/lebanonNewsNow/256123
LEB_MAY2026_0018,LEB_MAY2026_0018_S01_L01,2026-05-08,1,Zarariyeh,,,33.3868,35.3186,High,High,Zarariyeh,1,location_specific,Yes,3.0,,2.0,3.0,,2.0,,Airstrike,1,1,Low - single source,Single-source event; verify before publication,وزارة الصحة: غارة العدو الإسرائيلي على بلدة الزرارية قضاء صيدا أدت إلى ارتقاء 3 شهداء من بينهم طفلان للانضمام معنا تلغرام https://t.me/janoub_lebnan23,وزارة الصحة: غارة العدو الإسرائيلي على بلدة الزرارية قضاء صيدا أدت إلى ارتقاء 3 شهداء من بينهم طفلان للانضمام معنا تلغرام https://t.me/janoub_lebnan23,https://t.me/janoub_lebnan23/42254
LEB_MAY2026_0017,LEB_MAY2026_0017_S01_L01,2026-05-08,1,Toura,Tyre,South,33.286,35.301,Medium,High,Toura,1,location_specific,Yes,,,,,,,,Attack,1,1,Low - single source,Single-source event; verify before publication,زهرات الجنوب ... أحلام حيدر وابنتيها شهيدات العدوان الإسرائيلي على منزلهم في بلدة طورا ـ قضاء صور,زهرات الجنوب ... أحلام حيدر وابنتيها شهيدات العدوان الإسرائيلي على منزلهم في بلدة طورا ـ قضاء صور,https://t.me/LebUpdate/60766
LEB_MAY2026_0016,LEB_MAY2026_0016_S01_L01,2026-05-08,1,Zarariyeh,,,33.3868,35.3186,High,Medium,Zarariyeh,1,location_specific,Yes,2.0,,,2.0,,,,Airstrike,1,1,Low - single source,Single-source event; verify before publication,"""الوكالة الوطنية"": شهيدان في غارة على الزرارية والطيران المعادي يستهدف ياطر والمنطقة الواقعة بين حومين التحتا وبنعفول","- *""الوكالة الوطنية"": شهيدان في غارة على الزرارية والطيران المعادي يستهدف ياطر والمنطقة الواقعة بين حومين التحتا وبنعفول* - *الرئاسة اللبنانية: الرئيس عون طلب من مستشار الأمن القومي البريطاني الضغط على ""إسرائيل"" للالتزام بوقف إطلاق النار*",https://t.me/lcncitizens2023/43822
LEB_MAY2026_0021,LEB_MAY2026_0021_S01_L01,2026-05-09,1,Beirut,,,33.8938,35.5018,High,Medium,Beirut,1,location_specific,Yes,,,,,,,,Drone strike,1,1,Low - single source,Single-source event; verify before publication,"This bastard reports ten injuries and the IDF is like: ""The drone fell near troops. No injuries"" Btw yes reach Tzur and reach even Beirut. Come and destroy. Kill and be killed. Eventually the fall of Israel one day will make the horror of the Holocaust a walk in the park It wo...","This bastard reports ten injuries and the IDF is like: ""The drone fell near troops. No injuries"" Btw yes reach Tzur and reach even Beirut. Come and destroy. Kill and be killed. Eventually the fall of Israel one day will make the horror of the Holocaust a walk in the park It wo...",https://t.me/LebUpdate/60781
LEB_MAY2026_0019,LEB_MAY2026_0019_S01_L01,2026-05-09,1,Deir el-Zahrani,Nabatieh,Nabatieh,33.3963,35.4669,High,Medium,Deir el-Zahrani,1,location_specific,Yes,,2.0,,,2.0,,,Airstrike,1,3,Low - single source,Single-source event; verify before publication | Casualty figure updated over time,🚨 ورد الآن / جريحان جراء غارة إسرائيلية على دير الزهراني في النبطية,🚨 ورد الآن / جريحان جراء غارة إسرائيلية على دير الزهراني في النبطية,https://t.me/lebanonNewsNow/256267 | https://t.me/lebanonNewsNow/256284 | https://t.me/lebanonNewsNow/256920
LEB_MAY2026_0020,LEB_MAY2026_0020_S01_L01,2026-05-09,1,Nabatieh,Nabatieh,Nabatieh,33.3789,35.4839,High,High,Nabatieh,1,location_specific,Yes,,,,,,,,Targeted attack,2,2,Medium,,"""الوكالة الوطنية"": استشهاد أب وإصابة ابنته بجروح خطيرة إثر استهدافهما بثلاث غارات من مسيّرة إسرائيلية في مدينة النبطية","""الوكالة الوطنية"": استشهاد أب وإصابة ابنته بجروح خطيرة إثر استهدافهما بثلاث غارات من مسيّرة إسرائيلية في مدينة النبطية",https://t.me/lcncitizens2023/43874 | https://t.me/lebanonNews961/126863
LEB_MAY2026_0022,LEB_MAY2026_0022_S01_L01,2026-05-09,1,Nabatieh,Nabatieh,Nabatieh,33.3789,35.4839,High,Medium,Nabatieh,1,location_specific,Yes,1.0,,,1.0,,,,Drone strike,1,1,Low - single source,Single-source event; verify before publication,🇱🇧🤔وزارة الصحة اللبنانية: شهيد من الجنسية السورية وإصابة ابنته في قصف من مسيرة إسرائيلية بالنبطية,🇱🇧🤔وزارة الصحة اللبنانية: شهيد من الجنسية السورية وإصابة ابنته في قصف من مسيرة إسرائيلية بالنبطية,https://t.me/nahjmokawma/79890
LEB_MAY2026_0023,LEB_MAY2026_0023_S01_L01,2026-05-09,1,Nabatieh,Nabatieh,Nabatieh,33.3789,35.4839,High,Medium,Nabatieh,1,location_specific,Yes,11.0,,,11.0,,,,Airstrike,1,1,Low - single source,Single-source event; verify before publication,طيران الاحتلال قصف بلدة في النبطية. 11 شهيد بالمكان اغلبهم نساء وأطفال,طيران الاحتلال قصف بلدة في النبطية. 11 شهيد بالمكان اغلبهم نساء وأطفال,https://t.me/nahjmokawma/79925
LEB_MAY2026_0027,LEB_MAY2026_0027_S01_L01,2026-05-09,1,Nabatieh,Nabatieh,Nabatieh,33.3789,35.4839,High,High,Nabatieh,1,location_specific,Yes,2.0,,,2.0,,,Unknown number mentioned,Airstrike,2,2,Medium,,شهيدان وعدد من الجرحى في حصيلة أولية للغارة الإسرائيلية التي استهدفت منزلًا في حي الراهبات بمدينة النبطية للانضمام معنا تلغرام https://t.me/janoub_lebnan23,شهيدان وعدد من الجرحى في حصيلة أولية للغارة الإسرائيلية التي استهدفت منزلًا في حي الراهبات بمدينة النبطية للانضمام معنا تلغرام https://t.me/janoub_lebnan23,https://t.me/janoub_lebnan23/42347 | https://t.me/lebanonNews961/127013
LEB_MAY2026_0026,LEB_MAY2026_0026_S01_L01,2026-05-09,1,Naqoura,Tyre,South,33.118,35.139,High,Medium,Naqoura,1,location_specific,Yes,,,,,,,,Airstrike,1,1,Low - single source,Single-source event; verify before publication,"🥀In a scene that encapsulates the harsh reality of the South, open to danger, the journey of young Ali Wahib Mustafa, from the town of Beit Leef, ended tragically on the Naqoura road after he set off alone on his motorcycle. Suffering from mental health issues, he left the dis...","🥀In a scene that encapsulates the harsh reality of the South, open to danger, the journey of young Ali Wahib Mustafa, from the town of Beit Leef, ended tragically on the Naqoura road after he set off alone on his motorcycle. Suffering from mental health issues, he left the dis...",https://t.me/LebUpdate/60826
LEB_MAY2026_0024,LEB_MAY2026_0024_S01_L01,2026-05-09,1,Saksakiyeh,Saida,South,33.4318,35.3318,High,High,Saksakiyeh,1,location_specific,Yes,,,,,,,,Airstrike,1,1,Low - single source,Single-source event; verify before publication,#عاجل مصادر محلية : قتلى وجرحى جراء قصف الطيران الإسرائيلي لبناية في بلدة السكسكية في قضاء #صيدا جنوب #لبنان.,#عاجل مصادر محلية : قتلى وجرحى جراء قصف الطيران الإسرائيلي لبناية في بلدة السكسكية في قضاء #صيدا جنوب #لبنان.,https://t.me/secretdoctorltd/4986
LEB_MAY2026_0025,LEB_MAY2026_0025_S01_L01,2026-05-09,1,Saksakiyeh,Saida,South,33.4318,35.3318,High,Medium,Saksakiyeh,1,location_specific,Yes,,15.0,,,15.0,,,Airstrike,2,2,Medium,,🇱🇧🤔 وزارة الصحة اللبنانية: ارتفاع عدد الشهداء إلى 7 وإصابة 15 بالغارة الإسرائيلية على السكسكية جنوبي البلاد..,🇱🇧🤔 وزارة الصحة اللبنانية: ارتفاع عدد الشهداء إلى 7 وإصابة 15 بالغارة الإسرائيلية على السكسكية جنوبي البلاد..,https://t.me/akhbaraljanub/109580 | https://t.me/nahjmokawma/80013
LEB_MAY2026_0028,LEB_MAY2026_0028_S01_L01,2026-05-09,1,Bedyas,,,33.255,35.405,Low - verify,High,Bedyas,1,location_specific,Yes,1.0,13.0,,1.0,13.0,,,Airstrike,4,4,High,Casualty figure updated over time,*🚨 وزارة الصحة: استشهاد شخص وإصابة 13 آخرين جراء غارة العدو الإسرائيلي على بلدة بدياس قضاء صور https://telegram.me/lebanonnews2,*🚨 وزارة الصحة: استشهاد شخص وإصابة 13 آخرين جراء غارة العدو الإسرائيلي على بلدة بدياس قضاء صور https://telegram.me/lebanonnews2,https://t.me/janoub_lebnan23/42353 | https://t.me/lebanonNewsNow/256385 | https://t.me/lebanonnews2/100611 | https://t.me/nahjmokawma/80159
LEB_MAY2026_0029,LEB_MAY2026_0029_S01_L01,2026-05-10,1,Bint Jbeil,Bint Jbeil,Nabatieh,33.1196,35.4347,High,High,Bint Jbeil,1,location_specific,Yes,,,,,,,,Targeted attack,1,1,Low - single source,Single-source event; verify before publication,🚨الحز، ب يعلن استهداف جرّافة D9 تابعة للجيش الإسرائيليّ في بلدة بنت جبيل بمحلّقة انقضاضيّة وتحقيق إصابة مؤكّدة,🚨الحز، ب يعلن استهداف جرّافة D9 تابعة للجيش الإسرائيليّ في بلدة بنت جبيل بمحلّقة انقضاضيّة وتحقيق إصابة مؤكّدة,https://t.me/janoub_lebnan23/42387
LEB_MAY2026_0031,LEB_MAY2026_0031_S01_L01,2026-05-11,1,Dweir,Nabatieh,Nabatieh,33.399,35.465,High,High,Dweir,1,location_specific,Yes,2.0,,,2.0,,,,Airstrike,1,1,Low - single source,Single-source event; verify before publication,"مراسل ""ليبانون ديبايت"": معلومات عن سقوط شهيدين في الغارة الإسرائيلية التي استهدفت بلدة الدوير","مراسل ""ليبانون ديبايت"": معلومات عن سقوط شهيدين في الغارة الإسرائيلية التي استهدفت بلدة الدوير",https://t.me/lebanonNews961/127423
LEB_MAY2026_0030,LEB_MAY2026_0030_S01_L01,2026-05-11,1,,,,,,No coordinate,No village extracted,,1,location_specific,Yes,,,,,,,,Attack,1,1,Low - single source,Single-source event; verify before publication,عضو كتلة الوفاء للمقاومة النائب حسن عز الدين: - الكتلة زارت العديد من السفارات والهيئات والمنظمات والمؤسسات الدولية المعتمدة في لبنان - الكتلة قدّمت لمن زارتهم مُذكّرة سياسية جرى توزيعها على البعثات الخارجية في لبنان شرحت فيها الموقف اللبناني اتجاه العدوان الصهيوني الذي يُشكّل...,عضو كتلة الوفاء للمقاومة النائب حسن عز الدين: - الكتلة زارت العديد من السفارات والهيئات والمنظمات والمؤسسات الدولية المعتمدة في لبنان - الكتلة قدّمت لمن زارتهم مُذكّرة سياسية جرى توزيعها على البعثات الخارجية في لبنان شرحت فيها الموقف اللبناني اتجاه العدوان الصهيوني الذي يُشكّل...,https://t.me/Janoubana/56476
LEB_MAY2026_0033,LEB_MAY2026_0033_S01_L01,2026-05-12,1,Jibchit,Nabatieh,Nabatieh,33.3639,35.4915,High,High,Jibchit,1,location_specific,Yes,3.0,,,3.0,,,,Airstrike,1,1,Low - single source,Single-source event; verify before publication,🚨 ورد الآن / 3 شهداء في الغارة الإسرائيليّة على بلدة جبشيت,🚨 ورد الآن / 3 شهداء في الغارة الإسرائيليّة على بلدة جبشيت,https://t.me/lebanonNewsNow/256836
LEB_MAY2026_0034,LEB_MAY2026_0034_S01_L01,2026-05-12,1,Jibchit,Nabatieh,Nabatieh,33.3639,35.4915,High,High,Jibchit,1,location_specific,Yes,,,,,,,,Airstrike,7,10,High,Casualty figure updated over time,🇱🇧🤔الجيش اللبناني: استشهاد المؤهل الأول الشهيد محمد علي عبيد نتيجة غارة إسرائيلية معادية استهدفت بلدة جبشيت - النبطية,🇱🇧🤔الجيش اللبناني: استشهاد المؤهل الأول الشهيد محمد علي عبيد نتيجة غارة إسرائيلية معادية استهدفت بلدة جبشيت - النبطية,https://t.me/Janoubana/56888 | https://t.me/MTVLebanoNews/69471 | https://t.me/janoub_lebnan23/42571 | https://t.me/lcncitizens2023/44056 | https://t.me/lcncitizens2023/44152
LEB_MAY2026_0035,LEB_MAY2026_0035_S01_L01,2026-05-12,1,Nabatieh,Nabatieh,Nabatieh,33.3789,35.4839,High,High,Nabatieh,1,location_specific,Yes,2.0,1.0,,2.0,1.0,,,Targeted attack,5,5,High,,"🏴 وزارة الصحة: العدو ""الإسرائيلي"" استهدف بشكل مباشر فريق الدفاع المدني في مدينة النبطية ما أدى إلى استشهاد اثنين من المسعفين وإصابة مسعفة بجروح خلال محاولتهم إنقاذ مصاب إستشهد بدوره هذا الاستهداف دليل إضافي على استباحة العدو ""الإسرائيلي"" للقانون الدولي الإنساني وضربه بعرض الحا...","🏴 وزارة الصحة: العدو ""الإسرائيلي"" استهدف بشكل مباشر فريق الدفاع المدني في مدينة النبطية ما أدى إلى استشهاد اثنين من المسعفين وإصابة مسعفة بجروح خلال محاولتهم إنقاذ مصاب إستشهد بدوره هذا الاستهداف دليل إضافي على استباحة العدو ""الإسرائيلي"" للقانون الدولي الإنساني وضربه بعرض الحا...",https://t.me/janoub_lebnan23/42548 | https://t.me/lebanonNews961/127578 | https://t.me/lebanonNewsNow/256842 | https://t.me/lebanondebate/232870 | https://t.me/nahjmokawma/80974
LEB_MAY2026_0036,LEB_MAY2026_0036_S01_L01,2026-05-12,1,Nabatieh,Nabatieh,Nabatieh,33.3789,35.4839,High,Medium,Nabatieh,1,location_specific,Yes,,,,,,,,Airstrike,1,2,Low - single source,Single-source event; verify before publication,Lebanese Civil Defense member Ahmed Noura was killed in an Israeli airstrike in Nabatieh. May Judaism be eradicated,Lebanese Civil Defense member Ahmed Noura was killed in an Israeli airstrike in Nabatieh. May Judaism be eradicated,https://t.me/LebUpdate/60896 | https://t.me/LebUpdate/60897
LEB_MAY2026_0032,LEB_MAY2026_0032_S01_L01,2026-05-12,1,Tayr Debba,Tyre,South,33.299,35.302,Medium,Medium,Tayr Debba,1,location_specific,Yes,1.0,,,1.0,,,,Drone strike,1,1,Low - single source,Single-source event; verify before publication,الوكالة الوطنية للإعلام: استشهاد سوري وإصابة زوجته بغارة استهدفت دراجة نارية في طيردبا جنوب صور,- *الوكالة الوطنية للإعلام: استشهاد سوري وإصابة زوجته بغارة استهدفت دراجة نارية في طيردبا جنوب صور* - *غارة من مسيرة إسرائيلية على بلدة حاريص جنوبي ‎لبنان*,https://t.me/lcncitizens2023/44040
LEB_MAY2026_0037,LEB_MAY2026_0037_S01_L01,2026-05-13,1,Saida/Sidon,Saida,South,33.5631,35.3689,High,High,Saida/Sidon,1,location_specific,Yes,1.0,,,1.0,,,,Drone strike,1,1,Low - single source,Single-source event; verify before publication,*الدفاع المدني في الجنوب للجزيرة: شهيد وجريح في استهداف مسيرة إسرائيلية سيارة في مدينة صيدا*,*الدفاع المدني في الجنوب للجزيرة: شهيد وجريح في استهداف مسيرة إسرائيلية سيارة في مدينة صيدا*,https://t.me/lcncitizens2023/44118
LEB_MAY2026_0038,LEB_MAY2026_0038_S01_L01,2026-05-13,1,Saida/Sidon,Saida,South,33.5631,35.3689,High,High,Saida/Sidon,1,location_specific,Yes,1.0,,,1.0,,,,Airstrike,2,2,Medium,,وزارة الصحة: استشهاد مواطن وإصابة آخر بجروح في غارة إسرائيلية استهدفت سيارة في مدينة صيدا https://lbdb.co/835608,وزارة الصحة: استشهاد مواطن وإصابة آخر بجروح في غارة إسرائيلية استهدفت سيارة في مدينة صيدا https://lbdb.co/835608,https://t.me/lebanonNews961/127777 | https://t.me/lebanondebate/233233
LEB_MAY2026_0041,LEB_MAY2026_0041_S01_L01,2026-05-14,1,Srifa,Tyre,South,33.305,35.383,High,Medium,Srifa,1,location_specific,Yes,2.0,,,2.0,,,,Airstrike,1,1,Low - single source,Single-source event; verify before publication,شهيدان بغارة اسرائيلية على صريفا https://telegram.me/lebanonnews2,🚨 غارة اســــــرائيلية استهدفت سيارة لجمعية الرسالة في القصيبة 🚨غارة استهدفت سيارة في كفر صير 🚨شهيدان بغارة اسرائيلية على صريفا https://telegram.me/lebanonnews2,https://t.me/lebanonnews2/100873
LEB_MAY2026_0039,LEB_MAY2026_0039_S01_L01,2026-05-14,1,Zibqin,,,33.1542,35.2908,High,Medium,Zibqin,1,location_specific,Yes,,9.0,,,9.0,,,Shelling,1,1,Low - single source,Single-source event; verify before publication,🚨 ورد الآن / قصف مدفعي اسرائيلي استهدف فجراً تلال مجدل زون وسقوط 9 جرحى في الغارات ليلاً على أحياء سكنية في زبقين,🚨 ورد الآن / قصف مدفعي اسرائيلي استهدف فجراً تلال مجدل زون وسقوط 9 جرحى في الغارات ليلاً على أحياء سكنية في زبقين,https://t.me/lebanonNewsNow/257085
LEB_MAY2026_0044,LEB_MAY2026_0044_S01_L01,2026-05-14,1,Qana,Tyre,South,33.2087,35.2992,High,High,Qana; Mansouri; Hadatha,3,shared_event_total_not_allocated_to_split_locations,No - use event totals once by event_id,,,,,,,,Shelling,1,1,Low - single source,Single-source event; verify before publication,Ali Al-Taher hill tonight attacked by phosphorus from Israeli artillery units inside Lebanon's صفحة الاعلامي الشهيد علي شعيب : قصف مدفعي معادٍ استهدف بلدات تولين، اطراف بلدة قانا ، المنطقة الواقعة بين جبال البطم والشعيتية ، اطراف صديقين ، حداثا ، حرج علي الطاهر ، المنصوري .,Ali Al-Taher hill tonight attacked by phosphorus from Israeli artillery units inside Lebanon's صفحة الاعلامي الشهيد علي شعيب : قصف مدفعي معادٍ استهدف بلدات تولين، اطراف بلدة قانا ، المنطقة الواقعة بين جبال البطم والشعيتية ، اطراف صديقين ، حداثا ، حرج علي الطاهر ، المنصوري .,https://t.me/LebUpdate/61002
LEB_MAY2026_0044,LEB_MAY2026_0044_S01_L02,2026-05-14,1,Mansouri,Tyre,South,33.178,35.235,Medium,Medium,Qana; Mansouri; Hadatha,3,shared_event_total_not_allocated_to_split_locations,No - use event totals once by event_id,,,,,,,,Shelling,1,1,Low - single source,Single-source event; verify before publication,Ali Al-Taher hill tonight attacked by phosphorus from Israeli artillery units inside Lebanon's صفحة الاعلامي الشهيد علي شعيب : قصف مدفعي معادٍ استهدف بلدات تولين، اطراف بلدة قانا ، المنطقة الواقعة بين جبال البطم والشعيتية ، اطراف صديقين ، حداثا ، حرج علي الطاهر ، المنصوري .,Ali Al-Taher hill tonight attacked by phosphorus from Israeli artillery units inside Lebanon's صفحة الاعلامي الشهيد علي شعيب : قصف مدفعي معادٍ استهدف بلدات تولين، اطراف بلدة قانا ، المنطقة الواقعة بين جبال البطم والشعيتية ، اطراف صديقين ، حداثا ، حرج علي الطاهر ، المنصوري .,https://t.me/LebUpdate/61002
LEB_MAY2026_0044,LEB_MAY2026_0044_S01_L03,2026-05-14,1,Hadatha,,,,,No coordinate,Medium,Qana; Mansouri; Hadatha,3,shared_event_total_not_allocated_to_split_locations,No - use event totals once by event_id,,,,,,,,Shelling,1,1,Low - single source,Single-source event; verify before publication,Ali Al-Taher hill tonight attacked by phosphorus from Israeli artillery units inside Lebanon's صفحة الاعلامي الشهيد علي شعيب : قصف مدفعي معادٍ استهدف بلدات تولين، اطراف بلدة قانا ، المنطقة الواقعة بين جبال البطم والشعيتية ، اطراف صديقين ، حداثا ، حرج علي الطاهر ، المنصوري .,Ali Al-Taher hill tonight attacked by phosphorus from Israeli artillery units inside Lebanon's صفحة الاعلامي الشهيد علي شعيب : قصف مدفعي معادٍ استهدف بلدات تولين، اطراف بلدة قانا ، المنطقة الواقعة بين جبال البطم والشعيتية ، اطراف صديقين ، حداثا ، حرج علي الطاهر ، المنصوري .,https://t.me/LebUpdate/61002
LEB_MAY2026_0040,LEB_MAY2026_0040_S01_L01,2026-05-14,1,,,,,,No coordinate,No village extracted,,1,location_specific,Yes,,,,,,,,Airstrike,1,1,Low - single source,Single-source event; verify before publication,صفحة الاعلامي الشهيد علي شعيب : اعتدائات العدو الاسرائيلي منذ ساعة وحتى اللحظة. يواصل العدو الإسرائيلي اعتداءاته الجوية، حيث أغار مستهدفًا بلدة صديقين، كما استهدف بلدة تفاحتا بغارة نفذتها طائرة مُسيّرة معادية، أعقبها غارة جوية عبر الطيران الحربي المعادي استهدفت البلدة نفسها، إ...,صفحة الاعلامي الشهيد علي شعيب : اعتدائات العدو الاسرائيلي منذ ساعة وحتى اللحظة. يواصل العدو الإسرائيلي اعتداءاته الجوية، حيث أغار مستهدفًا بلدة صديقين، كما استهدف بلدة تفاحتا بغارة نفذتها طائرة مُسيّرة معادية، أعقبها غارة جوية عبر الطيران الحربي المعادي استهدفت البلدة نفسها، إ...,https://t.me/libanon_news/78208
LEB_MAY2026_0042,LEB_MAY2026_0042_S01_L01,2026-05-14,1,Zarariyeh,,,33.3868,35.3186,High,High,Zarariyeh,1,location_specific,Yes,1.0,2.0,,1.0,2.0,,,Airstrike,2,2,Medium,,"مراسل ""ليبانون ديبايت"": شهيد وجريحان في غارة إسرائيلية على بلدة الزرارية https://lbdb.co/835985","مراسل ""ليبانون ديبايت"": شهيد وجريحان في غارة إسرائيلية على بلدة الزرارية https://lbdb.co/835985",https://t.me/lebanonNews961/127975 | https://t.me/lebanondebate/233618
LEB_MAY2026_0043,LEB_MAY2026_0043_S01_L01,2026-05-14,1,Zarariyeh,,,33.3868,35.3186,High,High,Zarariyeh,1,location_specific,Yes,,2.0,,,2.0,,,Drone strike,2,2,Medium,,"الوكالة الوطنية: مسيرة إسرائيلية استهدفت نقطة تموضع للدفاع المدني في ""الهيئة الصحية الاسلامية"" في بلدة الزرارية وأنباء عن إصابة مسعفين","الوكالة الوطنية: مسيرة إسرائيلية استهدفت نقطة تموضع للدفاع المدني في ""الهيئة الصحية الاسلامية"" في بلدة الزرارية وأنباء عن إصابة مسعفين",https://t.me/MTVLebanoNews/69585 | https://t.me/lcncitizens2023/44196
LEB_MAY2026_0046,LEB_MAY2026_0046_S01_L01,2026-05-16,1,Sarbin,Bint Jbeil,Nabatieh,33.154,35.414,Low - verify,Medium,Sarbin,1,location_specific,Yes,1.0,,,1.0,,,,Shelling,1,1,Low - single source,Single-source event; verify before publication,الوكالة الوطنية: قتيل وجريح جراء قصف مدفعي إسرائيلي على محيط مفرق صربين,الوكالة الوطنية: قتيل وجريح جراء قصف مدفعي إسرائيلي على محيط مفرق صربين - قضاء بنت جبيل,https://t.me/MTVLebanoNews/69852
LEB_MAY2026_0045,LEB_MAY2026_0045_S01_L01,2026-05-16,1,Tebnine,,,33.1952,35.4129,High,High,Tebnine,1,location_specific,Yes,1.0,2.0,,1.0,2.0,,,Airstrike,1,2,Low - single source,Single-source event; verify before publication,🚨 ورد الآن / شهيد وجريحان في الغارة الإسرائيليّة التي استهدفت بلدة تبنين,🚨 ورد الآن / شهيد وجريحان في الغارة الإسرائيليّة التي استهدفت بلدة تبنين,https://t.me/lebanonNewsNow/257527 | https://t.me/lebanonNewsNow/258303
LEB_MAY2026_0047,LEB_MAY2026_0047_S01_L01,2026-05-16,1,,,,,,No coordinate,No village extracted,,1,location_specific,Yes,,,,,,,,Drone strike,2,2,Medium,,"بسم الله الرحمن الرحيم ""من المؤمنين رجال صدقوا ما عاهدوا الله عليه فمنهم من قضى نحبة ومنهم من ينتظر وما بدلوا تبديلاً"" بيان عسكري صادر عن : ... ::: كتائب الشهيد عز الدين القسام ::: ... بكل آيات العزة والافتخار والصمود والتحدي، تزف كتائب الشهيد عز الدين القسام إلى أبناء شعبنا و...","بسم الله الرحمن الرحيم ""من المؤمنين رجال صدقوا ما عاهدوا الله عليه فمنهم من قضى نحبة ومنهم من ينتظر وما بدلوا تبديلاً"" بيان عسكري صادر عن : ... ::: كتائب الشهيد عز الدين القسام ::: ... بكل آيات العزة والافتخار والصمود والتحدي، تزف كتائب الشهيد عز الدين القسام إلى أبناء شعبنا و...",https://t.me/nahjmokawma/82567 | https://t.me/rasedal3ado138e/357590
LEB_MAY2026_0048,LEB_MAY2026_0048_S01_L01,2026-05-17,1,,,,,,No coordinate,No village extracted,,1,location_specific,Yes,3.0,3.0,,3.0,3.0,,,Airstrike,1,1,Low - single source,Single-source event; verify before publication,"#عاجل أفادت وسائل إعلام لبنانية بمقتل القيادي في حركة ""الجهاد الإسلامي"" الفلسطينية، وائل عبد الحليم، وابنته البالغة من العمر 17 عامًا، إثر غارة إسرائيلية استهدفت منطقة البقاع شرقي #لبنان. وأضافت التقارير أن الهجوم أسفر أيضًا عن إصابة ثلاثة أشخاص آخرين.","#عاجل أفادت وسائل إعلام لبنانية بمقتل القيادي في حركة ""الجهاد الإسلامي"" الفلسطينية، وائل عبد الحليم، وابنته البالغة من العمر 17 عامًا، إثر غارة إسرائيلية استهدفت منطقة البقاع شرقي #لبنان. وأضافت التقارير أن الهجوم أسفر أيضًا عن إصابة ثلاثة أشخاص آخرين.",https://t.me/secretdoctorltd/5129
LEB_MAY2026_0049,LEB_MAY2026_0049_S01_L01,2026-05-18,1,Baalbek,Baalbek,Baalbek-Hermel,34.0058,36.2181,High,Medium,Baalbek,1,location_specific,Yes,3.0,3.0,,3.0,3.0,,,Airstrike,2,2,Medium,,"مراسل ""ليبانون ديبايت"": استشهاد مسؤول الجهاد الإسلامي وائل عبد الحليم وابنته راما (17 عاماً) في غارة إسرائيلية على بعلبك ليلًا وإصابة 3 أشخاص https://lbdb.co/837254","مراسل ""ليبانون ديبايت"": استشهاد مسؤول الجهاد الإسلامي وائل عبد الحليم وابنته راما (17 عاماً) في غارة إسرائيلية على بعلبك ليلًا وإصابة 3 أشخاص https://lbdb.co/837254",https://t.me/lebanonNews961/128733 | https://t.me/lebanondebate/234913
LEB_MAY2026_0050,LEB_MAY2026_0050_S01_L01,2026-05-18,1,Douris,Baalbek,Baalbek-Hermel,34.02,36.198,High,High,Douris,1,location_specific,Yes,2.0,2.0,,2.0,2.0,,,Airstrike,1,1,Low - single source,Single-source event; verify before publication,بعلبك صدر عن مركز عمليات طوارئ الصحة التابع لوزارة الصحة العامة بيان أعلن أن غارة العدو الإسرائيلي على بلدة دورس (قضاء بعلبك) أدّت إلى شهيدين من بينهم فتاة وجريحتين هما سيدة وطفلة، جميعهم فلسطينيون,حصيلة نهائية للغارة على دورس - بعلبك صدر عن مركز عمليات طوارئ الصحة التابع لوزارة الصحة العامة بيان أعلن أن غارة العدو الإسرائيلي على بلدة دورس (قضاء بعلبك) أدّت إلى شهيدين من بينهم فتاة وجريحتين هما سيدة وطفلة، جميعهم فلسطينيون,https://t.me/Janoubana/58683
LEB_MAY2026_0057,LEB_MAY2026_0057_S01_L01,2026-05-19,1,Deir Qanoun al-Nahr,Tyre,South,33.2852,35.3042,Medium,Medium,Deir Qanoun al-Nahr,1,location_specific,Yes,10.0,3.0,,10.0,3.0,,,Airstrike,4,4,High,Conflicting casualty figures | Casualty figure updated over time,🇱🇧🚫 وزارة الصحة اللبنانية: 10 شهداء و3 مصابين في حصيلة غير نهائية لغارة شنها طيران الاحتلال على دير قانون النهر جنوبي لبنان.,🇱🇧🚫 وزارة الصحة اللبنانية: 10 شهداء و3 مصابين في حصيلة غير نهائية لغارة شنها طيران الاحتلال على دير قانون النهر جنوبي لبنان.,https://t.me/lcncitizens2023/44583 | https://t.me/mehwar_lyaqin/982 | https://t.me/nahjmokawma/83759 | https://t.me/rasedal3ado138e/358629
LEB_MAY2026_0052,LEB_MAY2026_0052_S01_L01,2026-05-19,1,Kfar Sir,Nabatieh,Nabatieh,33.325,35.4625,High,Medium,Kfar Sir,1,location_specific,Yes,4.0,2.0,,4.0,2.0,,,Airstrike,1,1,Low - single source,Single-source event; verify before publication,🚨 ورد الآن / 4 شهداء وسقوط جريحين في حصيلة أولية للغارة الإسرائيلية التي استهدفت منزلا في كفرصير ــ قضاء النبطية,🚨 ورد الآن / 4 شهداء وسقوط جريحين في حصيلة أولية للغارة الإسرائيلية التي استهدفت منزلا في كفرصير ــ قضاء النبطية,https://t.me/lebanonNewsNow/257993
LEB_MAY2026_0053,LEB_MAY2026_0053_S01_L01,2026-05-19,1,Qana,Tyre,South,33.2087,35.2992,High,High,Qana,1,location_specific,Yes,1.0,,,1.0,,,,Airstrike,3,3,High,,"🏴""الوكالة الوطنية"": انتشال جثة شهيد من تحت الأنقاض جراء غارة إسرائيلية على بلدة قانا أمس والبحث مستمر عن مفقود آخر للانضمام معنا واتس اب https://chat.whatsapp.com/FNAX8OnKvEEF1HCFmSNKzL","🏴""الوكالة الوطنية"": انتشال جثة شهيد من تحت الأنقاض جراء غارة إسرائيلية على بلدة قانا أمس والبحث مستمر عن مفقود آخر للانضمام معنا واتس اب https://chat.whatsapp.com/FNAX8OnKvEEF1HCFmSNKzL",https://t.me/janoub_lebnan23/43036 | https://t.me/lebanonNews961/129007 | https://t.me/lebanondebate/235417
LEB_MAY2026_0055,LEB_MAY2026_0055_S01_L01,2026-05-19,1,Qawzah,,,33.1271,35.3514,High,Medium,Qawzah,1,location_specific,Yes,,,,,,,,Airstrike,1,1,Low - single source,Single-source event; verify before publication,"Bro stop nagging and acting as if everything collapsed for your and you are overwhelmed and your oppressed You lost one soldier. At the same time in a single airstrike today you killed 10 civilians in Lebanon And fyi, Qawzah has been under your control for 2 months and not a s...","Bro stop nagging and acting as if everything collapsed for your and you are overwhelmed and your oppressed You lost one soldier. At the same time in a single airstrike today you killed 10 civilians in Lebanon And fyi, Qawzah has been under your control for 2 months and not a s...",https://t.me/LebUpdate/61127
LEB_MAY2026_0051,LEB_MAY2026_0051_S01_L01,2026-05-19,1,Harouf,Nabatieh,Nabatieh,33.36,35.499,Low - verify,Medium,Harouf,1,location_specific,Yes,,2.0,,,2.0,,,Airstrike,1,1,Low - single source,Single-source event; verify before publication,جريحان باستهداف سيارة في حاروف,"- *جريحان باستهداف سيارة في حاروف* - *غارة على محيط منطقة الريحان* - *غارة على بلدة الشهابية* - *القناة 12 الإسرائيلية: دوي الانفجارات في حيفا صباح اليوم ناجم عن صواريخ اعتراضية في الجليل ضد أجسام مشبوهة* - *قوات الاحتلال تعتقل شقيقة رئيسة إيرلندا على متن ""أسطول الصمود""* - *إع...",https://t.me/lcncitizens2023/44471
LEB_MAY2026_0054,LEB_MAY2026_0054_S01_L01,2026-05-19,1,Hannawiyah,Tyre,South,33.203,35.25,Medium,High,Hannawiyah,1,location_specific,Yes,,2.0,,,2.0,,,Targeted attack,1,1,Low - single source,Single-source event; verify before publication,*جريحان في استهداف مسيّرة إسرائيلية لبلدة حناويه بقضاء صور جنوبي لبنان*,*جريحان في استهداف مسيّرة إسرائيلية لبلدة حناويه بقضاء صور جنوبي لبنان*,https://t.me/lcncitizens2023/44515
LEB_MAY2026_0056,LEB_MAY2026_0056_S01_L01,2026-05-19,1,Deir Qanoun al-Nahr,Tyre,South,33.2852,35.3042,Medium,High,Deir Qanoun al-Nahr,1,location_specific,Yes,10.0,,3.0,10.0,,3.0,,Airstrike,1,1,Low - single source,Single-source event; verify before publication,*وزارة الصحة: ارتقاء 10 شهداء بينهم 3 أطفال كحصيلة أولية للغارة الإسرائيلية على بلدة قانون النهر في قضاء صور*,*وزارة الصحة: ارتقاء 10 شهداء بينهم 3 أطفال كحصيلة أولية للغارة الإسرائيلية على بلدة قانون النهر في قضاء صور*,https://t.me/lcncitizens2023/44533
LEB_MAY2026_0058,LEB_MAY2026_0058_S01_L01,2026-05-20,1,Dweir,Nabatieh,Nabatieh,33.399,35.465,High,Medium,Dweir,1,location_specific,Yes,5.0,,,5.0,,,,Airstrike,1,2,Low - single source,Single-source event; verify before publication | Casualty figure updated over time,🚨 ورد الآن / 5 شهداء جراء الغارة الإسرائيلية التي استهدفت الدوير,🚨 ورد الآن / 5 شهداء جراء الغارة الإسرائيلية التي استهدفت الدوير,https://t.me/lebanonNewsNow/258265 | https://t.me/lebanonNewsNow/258267
LEB_MAY2026_0059,LEB_MAY2026_0059_S01_L01,2026-05-20,1,Dweir,Nabatieh,Nabatieh,33.399,35.465,High,High,Dweir,1,location_specific,Yes,5.0,2.0,,5.0,2.0,,,Airstrike,2,4,Medium,,الوكالة الوطنيّة: خمس ضحايا وجريحان في غارة إسرائيليّة استهدفت منازل في بلدة الدوير,الوكالة الوطنيّة: خمس ضحايا وجريحان في غارة إسرائيليّة استهدفت منازل في بلدة الدوير,https://t.me/MTVLebanoNews/70415 | https://t.me/MTVLebanoNews/70417 | https://t.me/mtvlebanonnews/320578 | https://t.me/mtvlebanonnews/320579
LEB_MAY2026_0060,LEB_MAY2026_0060_S01_L01,2026-05-20,1,Mansouri,Tyre,South,33.178,35.235,Medium,Medium,Mansouri; Tayr Debba; Tebnine,3,shared_event_total_not_allocated_to_split_locations,No - use event totals once by event_id,,,,,,,,Shelling,1,1,Low - single source,Single-source event; verify before publication,🌟صفحة الاعلامي الشهيد علي شعيب: 🌟 آخر الاعتداءات الإسرائيلية 🇱🇧🤔غارات حربية معادية استهدفت بلدات تبنين لجهة عيتا الجبل، دير قنطار وشقرا، كما استهدفت مدفعية الاحتلال أطراف طيردبا والبازورية ، وبلدات والقليلة والحنية والمنصوري بقصف مدفعي معادٍ.,🌟صفحة الاعلامي الشهيد علي شعيب: 🌟 آخر الاعتداءات الإسرائيلية 🇱🇧🤔غارات حربية معادية استهدفت بلدات تبنين لجهة عيتا الجبل، دير قنطار وشقرا، كما استهدفت مدفعية الاحتلال أطراف طيردبا والبازورية ، وبلدات والقليلة والحنية والمنصوري بقصف مدفعي معادٍ.,https://t.me/mehwar_lyaqin/967
LEB_MAY2026_0060,LEB_MAY2026_0060_S01_L02,2026-05-20,1,Tayr Debba,Tyre,South,33.299,35.302,Medium,Medium,Mansouri; Tayr Debba; Tebnine,3,shared_event_total_not_allocated_to_split_locations,No - use event totals once by event_id,,,,,,,,Shelling,1,1,Low - single source,Single-source event; verify before publication,🌟صفحة الاعلامي الشهيد علي شعيب: 🌟 آخر الاعتداءات الإسرائيلية 🇱🇧🤔غارات حربية معادية استهدفت بلدات تبنين لجهة عيتا الجبل، دير قنطار وشقرا، كما استهدفت مدفعية الاحتلال أطراف طيردبا والبازورية ، وبلدات والقليلة والحنية والمنصوري بقصف مدفعي معادٍ.,🌟صفحة الاعلامي الشهيد علي شعيب: 🌟 آخر الاعتداءات الإسرائيلية 🇱🇧🤔غارات حربية معادية استهدفت بلدات تبنين لجهة عيتا الجبل، دير قنطار وشقرا، كما استهدفت مدفعية الاحتلال أطراف طيردبا والبازورية ، وبلدات والقليلة والحنية والمنصوري بقصف مدفعي معادٍ.,https://t.me/mehwar_lyaqin/967
LEB_MAY2026_0060,LEB_MAY2026_0060_S01_L03,2026-05-20,1,Tebnine,,,33.1952,35.4129,High,Medium,Mansouri; Tayr Debba; Tebnine,3,shared_event_total_not_allocated_to_split_locations,No - use event totals once by event_id,,,,,,,,Shelling,1,1,Low - single source,Single-source event; verify before publication,🌟صفحة الاعلامي الشهيد علي شعيب: 🌟 آخر الاعتداءات الإسرائيلية 🇱🇧🤔غارات حربية معادية استهدفت بلدات تبنين لجهة عيتا الجبل، دير قنطار وشقرا، كما استهدفت مدفعية الاحتلال أطراف طيردبا والبازورية ، وبلدات والقليلة والحنية والمنصوري بقصف مدفعي معادٍ.,🌟صفحة الاعلامي الشهيد علي شعيب: 🌟 آخر الاعتداءات الإسرائيلية 🇱🇧🤔غارات حربية معادية استهدفت بلدات تبنين لجهة عيتا الجبل، دير قنطار وشقرا، كما استهدفت مدفعية الاحتلال أطراف طيردبا والبازورية ، وبلدات والقليلة والحنية والمنصوري بقصف مدفعي معادٍ.,https://t.me/mehwar_lyaqin/967
LEB_MAY2026_0062,LEB_MAY2026_0062_S01_L01,2026-05-21,1,Ain Baal,Tyre,South,33.2667,35.3412,High,Medium,Ain Baal,1,location_specific,Yes,,,,,,,Unknown number mentioned,Shelling,1,1,Low - single source,Single-source event; verify before publication,مسيّرة إسرائيلية استهدفت دراجة نارية في عين بعال ومعلومات عن وقوع إصابة,- مسيّرة إسرائيلية استهدفت دراجة نارية في عين بعال ومعلومات عن وقوع إصابة - تعرّض بلدة حداثا في قضاء بنت جبيل لقصف مدفعي متقطع,https://t.me/lcncitizens2023/44644
LEB_MAY2026_0061,LEB_MAY2026_0061_S01_L01,2026-05-21,1,Deir Qanoun al-Nahr,Tyre,South,33.2852,35.3042,Medium,High,Deir Qanoun al-Nahr,1,location_specific,Yes,,,,,,,,Shelling,1,1,Low - single source,Single-source event; verify before publication,🌟أدلى عضو كتلة الوفاء للمقاومة النائب حسن عز الدين بالتصريح التالي: إن مسلسل القصف الإسرائيلي والتدمير والتفجير والاعتداء والقتل المتنقل بين القرى والمدن الجنوبية، لم يتوقف، والتي كان آخرها المجزرة التي ارتكبها العدو في بلدة دير قانون النهر، وارتقى فيها ١٣ مواطناً مدنياً شهداء...,🌟أدلى عضو كتلة الوفاء للمقاومة النائب حسن عز الدين بالتصريح التالي: إن مسلسل القصف الإسرائيلي والتدمير والتفجير والاعتداء والقتل المتنقل بين القرى والمدن الجنوبية، لم يتوقف، والتي كان آخرها المجزرة التي ارتكبها العدو في بلدة دير قانون النهر، وارتقى فيها ١٣ مواطناً مدنياً شهداء...,https://t.me/mehwar_lyaqin/1239
LEB_MAY2026_0063,LEB_MAY2026_0063_S01_L01,2026-05-21,1,Tebnine,,,33.1952,35.4129,High,Medium,Tebnine,1,location_specific,Yes,,9.0,,,9.0,,,Attack,3,3,High,,"🔴وزارة الصحة: 9 جرحى في مستشفى تبنين نتيجة العدوان ""الإسرائيلي"" المتمادي بينهم 7 من موظفي المستشفى و5 سيدات. https://telegram.me/lebanonnews2","🔴وزارة الصحة: 9 جرحى في مستشفى تبنين نتيجة العدوان ""الإسرائيلي"" المتمادي بينهم 7 من موظفي المستشفى و5 سيدات. https://telegram.me/lebanonnews2",https://t.me/janoub_lebnan23/43153 | https://t.me/lebanonnews2/101282 | https://t.me/mehwar_lyaqin/1642
LEB_MAY2026_0064,LEB_MAY2026_0064_S01_L01,2026-05-22,1,,,,,,No coordinate,No village extracted,,1,location_specific,Yes,,,,,,,,Airstrike,1,1,Low - single source,Single-source event; verify before publication,"شققٌ للتعذيب وتصوير الضحايا عُراة لابتزاز ذويهم https://lbdb.co/838858 قضاة الشمال يحكمون عدلية بيروت… “حج قضائي” واصطفافات https://lbdb.co/838867 80% من اللبنانيين ""فقراء""... من هل يتكرر سيناريو2019؟ https://lbdb.co/838849 ""الشجب لم يعد يكفي""... نقيب المحامين يحذّر من شلل خطي...","شققٌ للتعذيب وتصوير الضحايا عُراة لابتزاز ذويهم https://lbdb.co/838858 قضاة الشمال يحكمون عدلية بيروت… “حج قضائي” واصطفافات https://lbdb.co/838867 80% من اللبنانيين ""فقراء""... من هل يتكرر سيناريو2019؟ https://lbdb.co/838849 ""الشجب لم يعد يكفي""... نقيب المحامين يحذّر من شلل خطي...",https://t.me/lebanondebate/236568
LEB_MAY2026_0069,LEB_MAY2026_0069_S01_L01,2026-05-22,1,Tebnine,,,33.1952,35.4129,High,High,Tebnine,1,location_specific,Yes,1.0,,,1.0,,,,Airstrike,1,1,Low - single source,Single-source event; verify before publication,🚨 ورد الآن / شهيد جراء الغارة الاسرائيلية التي استهدفت دراجة نارية في بلدة تبنين ــ قضاء بنت جبيل,🚨 ورد الآن / شهيد جراء الغارة الاسرائيلية التي استهدفت دراجة نارية في بلدة تبنين ــ قضاء بنت جبيل,https://t.me/lebanonNewsNow/258605
LEB_MAY2026_0066,LEB_MAY2026_0066_S01_L01,2026-05-22,1,Deir Qanoun al-Nahr,Tyre,South,33.2852,35.3042,Medium,Medium,Deir Qanoun al-Nahr,1,location_specific,Yes,5.0,,,5.0,,,,Drone strike,1,1,Low - single source,Single-source event; verify before publication,5 شهداء (بينهم مُسعفيْن وطفلة) حصيلة الغارات من مسيرة إسرائيلية التي استهدفت دير قانون النهر,5 شهداء (بينهم مُسعفيْن وطفلة) حصيلة الغارات من مسيرة إسرائيلية التي استهدفت دير قانون النهر,https://t.me/LBAgencynews/84516
LEB_MAY2026_0068,LEB_MAY2026_0068_S01_L01,2026-05-22,1,Deir Qanoun al-Nahr,Tyre,South,33.2852,35.3042,Medium,Medium,Deir Qanoun al-Nahr,1,location_specific,Yes,,,,,,,,Shelling,1,1,Low - single source,Single-source event; verify before publication,"""دم واحد، عدو واحد"".. مشهدٌ من تشييع جثامين الشهيد محمد نجدي وعائلته الذين ارتقوا بمجزرة الاحتلال بقصف بلدة ""دير قانون النهر"" في جنوب لبنان. ✅","""دم واحد، عدو واحد"".. مشهدٌ من تشييع جثامين الشهيد محمد نجدي وعائلته الذين ارتقوا بمجزرة الاحتلال بقصف بلدة ""دير قانون النهر"" في جنوب لبنان. ✅",https://t.me/nahjmokawma/84127
LEB_MAY2026_0071,LEB_MAY2026_0071_S01_L01,2026-05-22,1,Nabatieh Barracks,Nabatieh,Nabatieh,33.377,35.486,"Low - area approximate, land",Medium,Nabatieh Barracks,1,location_specific,Yes,,1.0,,,1.0,,,Airstrike,3,3,Medium,,🚨 ورد الآن / غارة إسرائيلية من مسيّرة بالقرب من ثكنة الجيش في النبطية وإصابة عسكري بجروح طفيفة,🚨 ورد الآن / غارة إسرائيلية من مسيّرة بالقرب من ثكنة الجيش في النبطية وإصابة عسكري بجروح طفيفة,https://t.me/MTVLebanoNews/70672 | https://t.me/lcncitizens2023/44771 | https://t.me/lebanonNewsNow/258727
LEB_MAY2026_0070,LEB_MAY2026_0070_S01_L01,2026-05-22,1,Tebnine,,,33.1952,35.4129,High,Medium,Tebnine,1,location_specific,Yes,,,,,,,,Airstrike,1,1,Low - single source,Single-source event; verify before publication,🥀🤔خرج لإحضار خبز يومه… الصورة الأخيرة للشهيد المدني علي إبراهيم خزعل فواز قبل ارتقائه جراء غارة من مسيّرة إسرائيلية استهدفته في تبنين,🥀🤔خرج لإحضار خبز يومه… الصورة الأخيرة للشهيد المدني علي إبراهيم خزعل فواز قبل ارتقائه جراء غارة من مسيّرة إسرائيلية استهدفته في تبنين,https://t.me/rasedal3ado138e/359406
LEB_MAY2026_0065,LEB_MAY2026_0065_S01_L01,2026-05-22,1,Tyre/Sour,Tyre,South,33.2704,35.2038,High,High,Tyre/Sour,1,location_specific,Yes,,25.0,,,25.0,,,Airstrike,5,6,High,Casualty figure updated over time,🇱🇧🚫وزارة الصحة اللبنانية: 25 مصابا من العاملين الصحيين إثر غارة إسرائيلية استهدفت محيط مستشفى بمدينة صور جنوبي البلاد 🫥,🇱🇧🚫وزارة الصحة اللبنانية: 25 مصابا من العاملين الصحيين إثر غارة إسرائيلية استهدفت محيط مستشفى بمدينة صور جنوبي البلاد 🫥,https://t.me/MTVLebanoNews/70648 | https://t.me/MTVLebanoNews/70774 | https://t.me/lcncitizens2023/44735 | https://t.me/mehwar_lyaqin/2760 | https://t.me/nahjmokawma/84621
LEB_MAY2026_0067,LEB_MAY2026_0067_S01_L01,2026-05-22,1,Tyre/Sour,Tyre,South,33.2704,35.2038,High,Medium,Tyre/Sour,1,location_specific,Yes,,,,,,,,Attack,1,1,Low - single source,Single-source event; verify before publication,🇱🇧🤔بيان صادر عن نقابة المصوّرين الصحافيين في لبنان 🤔تنعى نقابة المصوّرين الصحافيين في لبنان الزميل المصور الصحافي الشهيد أحمد الحريري، الذي استُشهد أثناء قيامه بواجبه المهني والإنساني. 🤔وقد انتسب الشهيد أحمد الحريري حديثًا إلى النقابة، لتفقد النقابة اليوم أحد أعضائها، وتُسجَّل...,🇱🇧🤔بيان صادر عن نقابة المصوّرين الصحافيين في لبنان 🤔تنعى نقابة المصوّرين الصحافيين في لبنان الزميل المصور الصحافي الشهيد أحمد الحريري، الذي استُشهد أثناء قيامه بواجبه المهني والإنساني. 🤔وقد انتسب الشهيد أحمد الحريري حديثًا إلى النقابة، لتفقد النقابة اليوم أحد أعضائها، وتُسجَّل...,https://t.me/mehwar_lyaqin/1837
LEB_MAY2026_0074,LEB_MAY2026_0074_S01_L01,2026-05-23,1,Nabatieh,Nabatieh,Nabatieh,33.3789,35.4839,High,High,Nabatieh; Nabatieh Barracks,2,shared_event_total_not_allocated_to_split_locations,No - use event totals once by event_id,,,,,,,,Targeted attack,8,8,High,,🚨 ورد الآن / الجيش: إصابة أحد العسكريين بجروح متوسطة جراء استهداف إسرائيليّ لثكنة الجيش في مدينة النبطية,🚨 ورد الآن / الجيش: إصابة أحد العسكريين بجروح متوسطة جراء استهداف إسرائيليّ لثكنة الجيش في مدينة النبطية,https://t.me/MTVLebanoNews/70824 | https://t.me/lebanonNews961/129928 | https://t.me/lebanonNewsNow/258778 | https://t.me/lebanondebate/237116 | https://t.me/mehwar_lyaqin/2674
LEB_MAY2026_0074,LEB_MAY2026_0074_S01_L02,2026-05-23,1,Nabatieh Barracks,Nabatieh,Nabatieh,33.377,35.486,"Low - area approximate, land",Medium,Nabatieh; Nabatieh Barracks,2,shared_event_total_not_allocated_to_split_locations,No - use event totals once by event_id,,,,,,,,Targeted attack,8,8,High,,🚨 ورد الآن / الجيش: إصابة أحد العسكريين بجروح متوسطة جراء استهداف إسرائيليّ لثكنة الجيش في مدينة النبطية,🚨 ورد الآن / الجيش: إصابة أحد العسكريين بجروح متوسطة جراء استهداف إسرائيليّ لثكنة الجيش في مدينة النبطية,https://t.me/MTVLebanoNews/70824 | https://t.me/lebanonNews961/129928 | https://t.me/lebanonNewsNow/258778 | https://t.me/lebanondebate/237116 | https://t.me/mehwar_lyaqin/2674
LEB_MAY2026_0075,LEB_MAY2026_0075_S01_L01,2026-05-23,1,Nabatieh Barracks,Nabatieh,Nabatieh,33.377,35.486,"Low - area approximate, land",Medium,Nabatieh Barracks,1,location_specific,Yes,,,,,,,,Targeted attack,1,1,Low - single source,Single-source event; verify before publication,"أسعار الإسمنت تُحلّق... قرار مرتقب قد يبدّل المشهد! https://lbdb.co/839384 بعد استهداف ثكنة عسكرية في النبطية... ""الجيش"" يعلن إصابة أحد جنوده https://lbdb.co/839400 5 مواطنين اجتازوا الحدود نحو لبنان... إسرائيل تتحدث عن ""حادث خطير"" https://lbdb.co/839390 السيد عن العقوبات: ""عم...","أسعار الإسمنت تُحلّق... قرار مرتقب قد يبدّل المشهد! https://lbdb.co/839384 بعد استهداف ثكنة عسكرية في النبطية... ""الجيش"" يعلن إصابة أحد جنوده https://lbdb.co/839400 5 مواطنين اجتازوا الحدود نحو لبنان... إسرائيل تتحدث عن ""حادث خطير"" https://lbdb.co/839390 السيد عن العقوبات: ""عم...",https://t.me/lebanondebate/237131
LEB_MAY2026_0072,LEB_MAY2026_0072_S01_L01,2026-05-23,1,Rafid,Rashaya,Bekaa,33.458,35.836,Medium,High,Rafid,1,location_specific,Yes,1.0,,,1.0,,,,Airstrike,3,3,Medium,,"""الوكالة الوطنية"": غارة إسرائيلية استهدفت منزلًا في بلدة الرفيد بقضاء راشيا الوادي ما أدى إلى استشهاد شخص وإصابة آخر https://lbdb.co/839296","""الوكالة الوطنية"": غارة إسرائيلية استهدفت منزلًا في بلدة الرفيد بقضاء راشيا الوادي ما أدى إلى استشهاد شخص وإصابة آخر https://lbdb.co/839296",https://t.me/MTVLebanoNews/70772 | https://t.me/lebanonNews961/129866 | https://t.me/lebanondebate/237014
LEB_MAY2026_0073,LEB_MAY2026_0073_S01_L01,2026-05-23,1,Shahabiyeh,Nabatieh,Nabatieh,33.3138,35.3843,High,High,Shahabiyeh,1,location_specific,Yes,1.0,,,1.0,,,,Airstrike,3,5,High,,"مراسل ""ليبانون ديبايت"": شهيد جراء غارة من مسيّرة إسرائيلية على بلدة الشهابية https://lbdb.co/839331","مراسل ""ليبانون ديبايت"": شهيد جراء غارة من مسيّرة إسرائيلية على بلدة الشهابية https://lbdb.co/839331",https://t.me/lebanonNews961/129867 | https://t.me/lebanonNews961/129889 | https://t.me/lebanondebate/237015 | https://t.me/lebanondebate/237049 | https://t.me/mehwar_lyaqin/2479
LEB_MAY2026_0076,LEB_MAY2026_0076_S01_L01,2026-05-24,1,Dweir,Nabatieh,Nabatieh,33.399,35.465,High,High,Dweir,1,location_specific,Yes,,2.0,,,2.0,,,Airstrike,2,2,Medium,,"""الوكالة الوطنية"": غارة إسرائيلية دمّرت مبنى سكنيًا في حي ريشوم ببلدة الدوير، فيما نقلت فرق الإسعاف جريحتين من المكان المستهدف https://lbdb.co/839704","""الوكالة الوطنية"": غارة إسرائيلية دمّرت مبنى سكنيًا في حي ريشوم ببلدة الدوير، فيما نقلت فرق الإسعاف جريحتين من المكان المستهدف https://lbdb.co/839704",https://t.me/lebanonNews961/130141 | https://t.me/lebanondebate/237438
LEB_MAY2026_0077,LEB_MAY2026_0077_S01_L01,2026-05-24,1,Jibchit,Nabatieh,Nabatieh,33.3639,35.4915,High,High,Jibchit,1,location_specific,Yes,1.0,,,1.0,,,,Drone strike,2,2,Medium,,غارة من مسيرة اسرائيلية تستهدف دراجة نارية في بلدة جبشيت قضاء النبطية ما ادى الى ارتقاء شهيد,غارة من مسيرة اسرائيلية تستهدف دراجة نارية في بلدة جبشيت قضاء النبطية ما ادى الى ارتقاء شهيد,https://t.me/janoub_lebnan23/43210 | https://t.me/lcncitizens2023/44799
LEB_MAY2026_0078,LEB_MAY2026_0078_S01_L01,2026-05-24,1,Sir el Gharbiyeh,Nabatieh,Nabatieh,33.363,35.52,Low - verify,Medium,Sir el Gharbiyeh,1,location_specific,Yes,11.0,,,11.0,,,,Airstrike,3,3,High,Casualty figure updated over time,وزارة الصحّة: ارتفاع عدد الشهداء إلى 11 بينهم أطفال ونساء في غارة إسرائيلية على صير الغربية بقضاء النبطية,وزارة الصحّة: ارتفاع عدد الشهداء إلى 11 بينهم أطفال ونساء في غارة إسرائيلية على صير الغربية بقضاء النبطية,https://t.me/MTVLebanoNews/71000 | https://t.me/lcncitizens2023/44914 | https://t.me/mtvlebanonnews/321368
LEB_MAY2026_0080,LEB_MAY2026_0080_S01_L01,2026-05-25,1,Kfar Roummane,Nabatieh,Nabatieh,33.3765,35.4968,High,High,Kfar Roummane,1,location_specific,Yes,4.0,3.0,,4.0,3.0,,,Airstrike,3,3,High,,"مراسل ""ليبانون ديبايت"": غارة إسرائيلية على بلدة كفررمان ومعلومات أولية عن سقوط 4 شهداء و3 جرحى https://lbdb.co/840120","مراسل ""ليبانون ديبايت"": غارة إسرائيلية على بلدة كفررمان ومعلومات أولية عن سقوط 4 شهداء و3 جرحى https://lbdb.co/840120",https://t.me/lcncitizens2023/44848 | https://t.me/lebanonNews961/130400 | https://t.me/lebanondebate/237863
LEB_MAY2026_0079,LEB_MAY2026_0079_S01_L01,2026-05-25,1,Shahabiyeh,Nabatieh,Nabatieh,33.3138,35.3843,High,High,Shahabiyeh,1,location_specific,Yes,2.0,,,2.0,,,,Airstrike,2,2,Medium,,"مراسل ""ليبانون ديبايت"": شهيدان في غارة من مسيّرة إسرائيلية على بلدة الشهابية https://lbdb.co/840055","مراسل ""ليبانون ديبايت"": شهيدان في غارة من مسيّرة إسرائيلية على بلدة الشهابية https://lbdb.co/840055",https://t.me/lebanonNews961/130368 | https://t.me/lebanondebate/237797
LEB_MAY2026_0081,LEB_MAY2026_0081_S01_L01,2026-05-25,1,,,,,,No coordinate,No village extracted,,1,location_specific,Yes,,,,,,,,Drone strike,1,1,Low - single source,Single-source event; verify before publication,🌟🤔الملخص : • 05:48 — سقط طائرة مسيرة مفجرة بالقرب من شتولا • 08:37 — سقط طائرة مسيرة مفجرة بالقرب من عرابة العرامشة • 11:44 — سقط طائرة مسيرة مسلحة في موقع تجمّع للجيش الإسرائيلي، دون إصابات • 12:28 — أُطلقت عدة طائرات مسيرة مفجرة وطائرات مسيرة مسلحة باتجاه متولا. أصابت طائرة ...,🌟🤔الملخص : • 05:48 — سقط طائرة مسيرة مفجرة بالقرب من شتولا • 08:37 — سقط طائرة مسيرة مفجرة بالقرب من عرابة العرامشة • 11:44 — سقط طائرة مسيرة مسلحة في موقع تجمّع للجيش الإسرائيلي، دون إصابات • 12:28 — أُطلقت عدة طائرات مسيرة مفجرة وطائرات مسيرة مسلحة باتجاه متولا. أصابت طائرة ...,https://t.me/nahjmokawma/85393
LEB_MAY2026_0083,LEB_MAY2026_0083_S01_L01,2026-05-26,1,Mashghara,West Bekaa,Bekaa,33.5315,35.6538,Medium,Medium,Mashghara,1,location_specific,Yes,11.0,15.0,2.0,11.0,15.0,2.0,,Airstrike,2,2,Medium,Casualty figure updated over time,🇱🇧🚫وزارة الصحة اللبنانية: 11 شهيدا منهم طفلتان و15 جريحا بغارة إسرائيلية أمس على مشغرة بالبقاع الغربي 🫥,🇱🇧🚫وزارة الصحة اللبنانية: 11 شهيدا منهم طفلتان و15 جريحا بغارة إسرائيلية أمس على مشغرة بالبقاع الغربي 🫥,https://t.me/Janoubana/61510 | https://t.me/rasedal3ado138e/361479
LEB_MAY2026_0082,LEB_MAY2026_0082_S01_L01,2026-05-26,1,Dweir,Nabatieh,Nabatieh,33.399,35.465,High,High,Dweir,1,location_specific,Yes,,,,,,,Unknown number mentioned,Airstrike,2,2,Medium,,"مراسل ""ليبانون ديبايت"": غارة من مسيّرة إسرائيلية تستهدف بلدة الدوير ومعلومات عن وقوع إصابة https://lbdb.co/840436","مراسل ""ليبانون ديبايت"": غارة من مسيّرة إسرائيلية تستهدف بلدة الدوير ومعلومات عن وقوع إصابة https://lbdb.co/840436",https://t.me/lebanonNews961/130599 | https://t.me/lebanondebate/238177
LEB_MAY2026_0085,LEB_MAY2026_0085_S01_L01,2026-05-26,1,Maarakeh,,,33.2747,35.3244,High,High,Maarakeh,1,location_specific,Yes,2.0,,,2.0,,,,Airstrike,2,4,Medium,,"مراسل ""ليبانون ديبايت"": شهيدان جراء الغارة الإسرائيلية على بلدة معركة https://lbdb.co/841254","مراسل ""ليبانون ديبايت"": شهيدان جراء الغارة الإسرائيلية على بلدة معركة https://lbdb.co/841254",https://t.me/lebanonNews961/130692 | https://t.me/lebanonNews961/131081 | https://t.me/lebanondebate/238343 | https://t.me/lebanondebate/238984
LEB_MAY2026_0084,LEB_MAY2026_0084_S01_L01,2026-05-26,1,Srifa,Tyre,South,33.305,35.383,High,Medium,Srifa,1,location_specific,Yes,1.0,1.0,,1.0,1.0,,,Airstrike,2,2,Medium,,وزارة الصحة: استشهاد مسعف وإصابة مسعفَين في الغارة الإسرائيلية على صريفا https://lbdb.co/840555,وزارة الصحة: استشهاد مسعف وإصابة مسعفَين في الغارة الإسرائيلية على صريفا https://lbdb.co/840555,https://t.me/lebanonNews961/130664 | https://t.me/lebanondebate/238291
LEB_MAY2026_0087,LEB_MAY2026_0087_S01_L01,2026-05-27,1,Qaroun,West Bekaa,Bekaa,33.561,35.707,Low - verify,High,Qaroun,1,location_specific,Yes,1.0,,,1.0,,,,Airstrike,1,1,Low - single source,Single-source event; verify before publication,الدفاع المدني اللبناني: شهيد من عناصرنا في العدوان الإسرائيلي أمس على بلدة القرعون شرق البلاد أثناء قيامه بواجبه الإنساني,- *الدفاع المدني اللبناني: شهيد من عناصرنا في العدوان الإسرائيلي أمس على بلدة القرعون شرق البلاد أثناء قيامه بواجبه الإنساني* - *غارة على دير قانون النهر*,https://t.me/lcncitizens2023/45015
LEB_MAY2026_0091,LEB_MAY2026_0091_S01_L01,2026-05-27,1,Kfar Roummane,Nabatieh,Nabatieh,33.3765,35.4968,High,High,Kfar Roummane,1,location_specific,Yes,1.0,,,1.0,,,,Airstrike,1,1,Low - single source,Single-source event; verify before publication,شهيد جديد للجيش... غارة إسرائيلية تحصد عسكريًا على طريق كفررمان https://lbdb.co/841172,شهيد جديد للجيش... غارة إسرائيلية تحصد عسكريًا على طريق كفررمان https://lbdb.co/841172,https://t.me/lebanondebate/238901
LEB_MAY2026_0088,LEB_MAY2026_0088_S01_L01,2026-05-27,1,Maarakeh,,,33.2747,35.3244,High,High,Maarakeh,1,location_specific,Yes,8.0,3.0,,8.0,3.0,,,Airstrike,2,2,Medium,,"مراسل ""ليبانون ديبايت"": انتهاء أعمال رفع الأنقاض عن المبنى الذي استهدفته غارة إسرائيلية أمس في بلدة معركة وانتشال 3 شهداء لترتفع الحصيلة النهائية إلى 8 شهداء و3 جرحى https://lbdb.co/840935","مراسل ""ليبانون ديبايت"": انتهاء أعمال رفع الأنقاض عن المبنى الذي استهدفته غارة إسرائيلية أمس في بلدة معركة وانتشال 3 شهداء لترتفع الحصيلة النهائية إلى 8 شهداء و3 جرحى https://lbdb.co/840935",https://t.me/lebanonNews961/130869 | https://t.me/lebanondebate/238680
LEB_MAY2026_0090,LEB_MAY2026_0090_S01_L01,2026-05-27,1,Maarakeh,,,33.2747,35.3244,High,High,Maarakeh,1,location_specific,Yes,,,,,,,,Airstrike,1,1,Low - single source,Single-source event; verify before publication,🇱🇧🤔مجزرة.. شهداء قتلهم الاحتلال بغارة على بلدة معركة جنوب لبنان: علية أحمد سعد هادي عدنان طالب علي عدنان طالب ميادة عدنان طالب حسن هادي طالب ملاك باسل طالب نرجس باسل طالب ندى حمدان ㅤ ㅤ ㅤ ㅤ ㅤ ㅤ ✅,🇱🇧🤔مجزرة.. شهداء قتلهم الاحتلال بغارة على بلدة معركة جنوب لبنان: علية أحمد سعد هادي عدنان طالب علي عدنان طالب ميادة عدنان طالب حسن هادي طالب ملاك باسل طالب نرجس باسل طالب ندى حمدان ㅤ ㅤ ㅤ ㅤ ㅤ ㅤ ✅,https://t.me/nahjmokawma/86158
LEB_MAY2026_0089,LEB_MAY2026_0089_S01_L01,2026-05-27,1,Shoukin,Nabatieh,Nabatieh,33.3757,35.5051,Medium,High,Shoukin,1,location_specific,Yes,3.0,,,3.0,,,,Attack,1,1,Low - single source,Single-source event; verify before publication,🇱🇧🤔3 شهداء في حصيلة غير رسمية للعدوان الإسرائيلي الذي استهدف بلدة شوكين قضاء النبطية ⭐,🇱🇧🤔3 شهداء في حصيلة غير رسمية للعدوان الإسرائيلي الذي استهدف بلدة شوكين قضاء النبطية ⭐,https://t.me/mehwar_lyaqin/5776
LEB_MAY2026_0086,LEB_MAY2026_0086_S01_L01,2026-05-27,1,Al Bass,Tyre,South,33.27,35.214,Medium,Medium,Al Bass,1,location_specific,Yes,3.0,37.0,,3.0,37.0,,,Airstrike,2,2,Medium,,🚨 ورد الآن / وزارة الصحة: 3 شهداء و37 جريحا جراء الغارة الإسرائيلية أمس على البص قضاء صور,🚨 ورد الآن / وزارة الصحة: 3 شهداء و37 جريحا جراء الغارة الإسرائيلية أمس على البص قضاء صور,https://t.me/MTVLebanoNews/71361 | https://t.me/lebanonNewsNow/259611
LEB_MAY2026_0099,LEB_MAY2026_0099_S01_L01,2026-05-28,1,Beirut,,,33.8938,35.5018,High,Medium,Beirut,1,location_specific,Yes,,,,,,,,Airstrike,1,1,Low - single source,Single-source event; verify before publication,"Just to remind you that the IDF failed in Beirut today Trump admin gave the greenlight Nawaf and Aoun, Lebanon's leaders did not condemn. So who was killed? 🌷 The Health Emergency Operations Center, affiliated with the Ministry of Public Health, issued a statement announcing t...","Just to remind you that the IDF failed in Beirut today Trump admin gave the greenlight Nawaf and Aoun, Lebanon's leaders did not condemn. So who was killed? 🌷 The Health Emergency Operations Center, affiliated with the Ministry of Public Health, issued a statement announcing t...",https://t.me/LebUpdate/61604
LEB_MAY2026_0096,LEB_MAY2026_0096_S01_L01,2026-05-28,1,Deir Qanoun Ras el Ain,Tyre,South,33.236,35.225,Medium,Medium,Deir Qanoun Ras el Ain,1,location_specific,Yes,2.0,,,2.0,,,,Airstrike,2,4,Medium,,"مراسل ""ليبانون ديبايت"": شهيدان جراء غارة إسرائيلية من مسيّرة استهدفت دراجة نارية في دير قانون رأس العين https://lbdb.co/841550","مراسل ""ليبانون ديبايت"": شهيدان جراء غارة إسرائيلية من مسيّرة استهدفت دراجة نارية في دير قانون رأس العين https://lbdb.co/841550",https://t.me/lebanonNews961/131265 | https://t.me/lebanonNews961/131358 | https://t.me/lebanondebate/239284 | https://t.me/lebanondebate/239457
LEB_MAY2026_0097,LEB_MAY2026_0097_S01_L01,2026-05-28,1,Marjayoun,Marjayoun,Nabatieh,33.3609,35.5917,High,Medium,Marjayoun,1,location_specific,Yes,,1.0,,,1.0,,,Shelling,1,1,Low - single source,Single-source event; verify before publication,🚨 ورد الآن / قصف مدفعي اسرائيلي استهدف محيط ساحة مرجعيون ما أدى الى اصابة جندي في الجيش بجروح,🚨 ورد الآن / قصف مدفعي اسرائيلي استهدف محيط ساحة مرجعيون ما أدى الى اصابة جندي في الجيش بجروح,https://t.me/lebanonNewsNow/259760
LEB_MAY2026_0098,LEB_MAY2026_0098_S01_L01,2026-05-28,1,Abba,Nabatieh,Nabatieh,33.362,35.455,Medium,Medium,Abba,1,location_specific,Yes,,,,,,,,Drone strike,1,1,Low - single source,Single-source event; verify before publication,❗️Israel killed the two cousins ​​of Lebanese Army Brigadier General Wael Abbas—a member of the Lebanese military delegation scheduled to hold negotiations with Israel in Washington tomorrow The two young men—Mohammad Hassan Ahmad Badr al-Din and Mohammad Jawad Ahmad Badr al-D...,❗️Israel killed the two cousins ​​of Lebanese Army Brigadier General Wael Abbas—a member of the Lebanese military delegation scheduled to hold negotiations with Israel in Washington tomorrow The two young men—Mohammad Hassan Ahmad Badr al-Din and Mohammad Jawad Ahmad Badr al-D...,https://t.me/LebUpdate/61594
LEB_MAY2026_0092,LEB_MAY2026_0092_S01_L01,2026-05-28,1,Qiaa/Saida,Saida,South,33.556,35.383,Medium,High,Qiaa/Saida,1,location_specific,Yes,4.0,,,4.0,,,Unknown number mentioned,Airstrike,3,3,High,,🚨 ورد الآن / 4 شهداء وعدد من الجرحى في حصيلة اولية للغارة الإسرائيلية التي استهدفت شقة في منطقة القياعة - صيدا,🚨 ورد الآن / 4 شهداء وعدد من الجرحى في حصيلة اولية للغارة الإسرائيلية التي استهدفت شقة في منطقة القياعة - صيدا,https://t.me/lebanonNews961/131064 | https://t.me/lebanonNewsNow/259562 | https://t.me/lebanondebate/238950
LEB_MAY2026_0094,LEB_MAY2026_0094_S01_L01,2026-05-28,1,Saida/Sidon,Saida,South,33.5631,35.3689,High,Medium,Saida/Sidon,1,location_specific,Yes,,,,,,,,Airstrike,3,4,High,Conflicting casualty figures | Casualty figure updated over time,"🥀🤔قناة العالم تنعى مراسلها ""حسام زيدان"" شهيداً في غارة اسرائيلية على صيدا جنوب لبنان. 🫥","🥀🤔قناة العالم تنعى مراسلها ""حسام زيدان"" شهيداً في غارة اسرائيلية على صيدا جنوب لبنان. 🫥",https://t.me/LBAgencynews/84829 | https://t.me/lcncitizens2023/45088 | https://t.me/lcncitizens2023/45195 | https://t.me/rasedal3ado138e/362497
LEB_MAY2026_0093,LEB_MAY2026_0093_S01_L01,2026-05-28,1,Al Bass,Tyre,South,33.27,35.214,Medium,Medium,Al Bass,1,location_specific,Yes,3.0,37.0,8.0,3.0,37.0,8.0,,Airstrike,3,4,High,,وزارة الصحة: 3 شهداء و37 جريحًا بينهم 8 أطفال و13 سيدة في الغارة الإسرائيلية على البص في قضاء صور أمس https://lbdb.co/841307,وزارة الصحة: 3 شهداء و37 جريحًا بينهم 8 أطفال و13 سيدة في الغارة الإسرائيلية على البص في قضاء صور أمس https://lbdb.co/841307,https://t.me/lcncitizens2023/45084 | https://t.me/lcncitizens2023/45089 | https://t.me/lebanonNews961/131112 | https://t.me/lebanondebate/239038
LEB_MAY2026_0095,LEB_MAY2026_0095_S01_L01,2026-05-28,1,,,,,,No coordinate,No village extracted,,1,location_specific,Yes,,,,,,,,Drone strike,1,1,Low - single source,Single-source event; verify before publication,A Syrian and his son were killed in an Israeli drone strike on their motorcycle in Tyre. The Israeli drone clearly saw the child and still killed. These are war crimes that the whole Muslim and non-Muslim world are very happy about,A Syrian and his son were killed in an Israeli drone strike on their motorcycle in Tyre. The Israeli drone clearly saw the child and still killed. These are war crimes that the whole Muslim and non-Muslim world are very happy about,https://t.me/LebUpdate/61560
LEB_MAY2026_0101,LEB_MAY2026_0101_S01_L01,2026-05-29,1,Ansar,Nabatieh,Nabatieh,33.3983,35.4935,High,Medium,Ansar,1,location_specific,Yes,2.0,2.0,,2.0,2.0,,,Airstrike,1,2,Low - single source,Single-source event; verify before publication | Casualty figure updated over time,🚨 ورد الآن / سقوط شهيدين وجريحين في الغارة الإسرائيلية على أنصار,🚨 ورد الآن / سقوط شهيدين وجريحين في الغارة الإسرائيلية على أنصار,https://t.me/lebanonNewsNow/259999 | https://t.me/lebanonNewsNow/260049
LEB_MAY2026_0102,LEB_MAY2026_0102_S01_L01,2026-05-29,1,Ansar,Nabatieh,Nabatieh,33.3983,35.4935,High,High,Ansar,1,location_specific,Yes,2.0,5.0,,2.0,5.0,,,Airstrike,1,1,Low - single source,Single-source event; verify before publication,🤔شهيدان و5 إصابات جراء استهداف طيران الاحتلال منزلًا ومركبةً في بلدة أنصار جنوبي لبنان. ✅,🤔شهيدان و5 إصابات جراء استهداف طيران الاحتلال منزلًا ومركبةً في بلدة أنصار جنوبي لبنان. ✅,https://t.me/nahjmokawma/86921
LEB_MAY2026_0100,LEB_MAY2026_0100_S01_L01,2026-05-29,1,Zarariyeh,,,33.3868,35.3186,High,Medium,Zarariyeh,1,location_specific,Yes,,,,,,,,Airstrike,1,1,Low - single source,Single-source event; verify before publication,🚨 ورد الآن / إصابة جراء غارة إسرائيلية استهدفت الزرارية,🚨 ورد الآن / إصابة جراء غارة إسرائيلية استهدفت الزرارية,https://t.me/lebanonNewsNow/259969
LEB_MAY2026_0105,LEB_MAY2026_0105_S01_L01,2026-05-30,1,Ansar,Nabatieh,Nabatieh,33.3983,35.4935,High,High,Ansar,1,location_specific,Yes,4.0,4.0,,4.0,4.0,,,Airstrike,1,1,Low - single source,Single-source event; verify before publication,استهدفت مسيّرة إسرائيلية سبيلًا لتعبئة المياه في بلدة أنصار بغارة جوية، ما أدى إلى سقوط أربعة إصابات. وقد عملت فرق الإسعاف التابعة لجمعية الرسالة للإسعاف الصحي على نقل المصابين إلى المستشفيات في المنطقة,استهدفت مسيّرة إسرائيلية سبيلًا لتعبئة المياه في بلدة أنصار بغارة جوية، ما أدى إلى سقوط أربعة إصابات. وقد عملت فرق الإسعاف التابعة لجمعية الرسالة للإسعاف الصحي على نقل المصابين إلى المستشفيات في المنطقة,https://t.me/janoub_lebnan23/43481
LEB_MAY2026_0103,LEB_MAY2026_0103_S01_L01,2026-05-30,1,Nabatieh Hospital area,Nabatieh,Nabatieh,33.38,35.483,"Low - area approximate, land",High,Nabatieh Hospital area,1,location_specific,Yes,,3.0,,,3.0,,,Airstrike,3,3,Medium,,🥀🤔3 جرحى جراء غارة إسرائيلية على محيط مستشفى النبطية جنوبي لبنان 🫥,🥀🤔3 جرحى جراء غارة إسرائيلية على محيط مستشفى النبطية جنوبي لبنان 🫥,https://t.me/lcncitizens2023/45318 | https://t.me/lebanonNews961/131515 | https://t.me/rasedal3ado138e/363294
LEB_MAY2026_0104,LEB_MAY2026_0104_S01_L01,2026-05-30,1,Abba,Nabatieh,Nabatieh,33.362,35.455,Medium,High,Abba,1,location_specific,Yes,,2.0,,,2.0,,,Targeted attack,8,8,High,,🇱🇧🤔الجيش اللبناني: 🤔إصابة عسكريين اثنين في استهداف بمسيّرة إسرائيلية على طريق عبا بقضاء النبطية جنوبي لبنان,🇱🇧🤔الجيش اللبناني: 🤔إصابة عسكريين اثنين في استهداف بمسيّرة إسرائيلية على طريق عبا بقضاء النبطية جنوبي لبنان,https://t.me/MTVLebanoNews/71840 | https://t.me/lcncitizens2023/45232 | https://t.me/lebanonNews961/131597 | https://t.me/lebanonNewsNow/260101 | https://t.me/lebanondebate/239838
LEB_MAY2026_0106,LEB_MAY2026_0106_S01_L01,2026-05-30,1,Aadloun,Saida,South,33.4055,35.2725,High,Medium,Aadloun,1,location_specific,Yes,9.0,,6.0,9.0,,6.0,,Airstrike,2,2,Medium,,وزارة الصحة: 9 شهداء سوريين من العائلة نفسها بينهم 6 أطفال جراء الغارة الإسرائيلية على عدلون قضاء صيدا ليل الجمعة 29 أيار https://lbdb.co/842288,وزارة الصحة: 9 شهداء سوريين من العائلة نفسها بينهم 6 أطفال جراء الغارة الإسرائيلية على عدلون قضاء صيدا ليل الجمعة 29 أيار https://lbdb.co/842288,https://t.me/lebanonNews961/131732 | https://t.me/lebanondebate/240043
LEB_MAY2026_0108,LEB_MAY2026_0108_S01_L01,2026-05-31,1,Deir el-Zahrani,Nabatieh,Nabatieh,33.3963,35.4669,High,High,Deir el-Zahrani,1,location_specific,Yes,8.0,19.0,,8.0,19.0,,,Airstrike,2,2,Medium,Conflicting casualty figures | Casualty figure updated over time,🔴👤الصحة اللبنانية: 8 شهداء و19 مصابًا في غارة إسرائيلية على بلدة دير الزهراني جنوبي لبنان، فجر الأحد.,🔴👤الصحة اللبنانية: 8 شهداء و19 مصابًا في غارة إسرائيلية على بلدة دير الزهراني جنوبي لبنان، فجر الأحد.,https://t.me/LBAgencynews/85073 | https://t.me/N_FFG/82815
LEB_MAY2026_0107,LEB_MAY2026_0107_S01_L01,2026-05-31,1,Tyre/Sour,Tyre,South,33.2704,35.2038,High,High,Tyre/Sour; Hiram Hospital/Tyre,2,shared_event_total_not_allocated_to_split_locations,No - use event totals once by event_id,,13.0,,,,,,Airstrike,2,2,Medium,Casualty figure updated over time,🔴لبنان: وزارة الصحة: إصابة 13 من العاملين في مستشفى حيرام في مدينة صور من جراء غارة إسرائيلية على المحيط الملاصق للمستشفى,🔴لبنان: وزارة الصحة: إصابة 13 من العاملين في مستشفى حيرام في مدينة صور من جراء غارة إسرائيلية على المحيط الملاصق للمستشفى,https://t.me/N_FFG/82737 | https://t.me/akhbaraljanub/110120
LEB_MAY2026_0107,LEB_MAY2026_0107_S01_L02,2026-05-31,1,Hiram Hospital/Tyre,Tyre,South,33.27,35.217,"Low - facility approximate, land",Medium,Tyre/Sour; Hiram Hospital/Tyre,2,shared_event_total_not_allocated_to_split_locations,No - use event totals once by event_id,,13.0,,,,,,Airstrike,2,2,Medium,Casualty figure updated over time,🔴لبنان: وزارة الصحة: إصابة 13 من العاملين في مستشفى حيرام في مدينة صور من جراء غارة إسرائيلية على المحيط الملاصق للمستشفى,🔴لبنان: وزارة الصحة: إصابة 13 من العاملين في مستشفى حيرام في مدينة صور من جراء غارة إسرائيلية على المحيط الملاصق للمستشفى,https://t.me/N_FFG/82737 | https://t.me/akhbaraljanub/110120
